{
  "map": {
    "occupancy": {
      "cell_size": 0.1,
      "filename": "apps/assets/maps/nvidia_R_181115b.png"
    },
    "waypoints": {
      "vis_cell_size": 0.1,
      "waypoints": {
        "atrium_cafe": {
          "color": [
            39.0,
            106.0,
            51.0
          ],
          "pose": [
            0.6227569964604847,
            -0.0,
            -0.0,
            -0.7824153138580021,
            29.900000000000002,
            32.7,
            0.0
          ],
          "radius": 1.0
        },
        "atrium_north": {
          "color": [
            39.0,
            106.0,
            51.0
          ],
          "pose": [
            0.8773405764771766,
            0.0,
            0.0,
            0.4798682244811544,
            55.2,
            112.80000000000001,
            0.0
          ],
          "radius": 1.0
        },
        "dish_return": {
          "color": [
            39.0,
            106.0,
            51.0
          ],
          "pose": [
            0.16937056243455137,
            0.0,
            0.0,
            0.9855524402996544,
            22.900000000000006,
            17.5,
            0.0
          ],
          "radius": 1.0
        },
        "entrance_lobby": {
          "color": [
            39.0,
            106.0,
            51.0
          ],
          "pose": [
            0.9834680940686193,
            -0.0,
            -0.0,
            -0.18108149532472229,
            47.30000000000001,
            85.0,
            0.0
          ],
          "radius": 1.0
        },
        "entrance_west": {
          "color": [
            39.0,
            106.0,
            51.0
          ],
          "pose": [
            0.5795881939463796,
            -0.0,
            -0.0,
            -0.8149095197860765,
            10.700000000000001,
            97.7,
            0.0
          ],
          "radius": 1.0
        },
        "rolls_royce": {
          "color": [
            39.0,
            106.0,
            51.0
          ],
          "pose": [
            0.987245080886584,
            -0.0,
            -0.0,
            -0.1592078838036681,
            21.6,
            79.7,
            0.0
          ],
          "radius": 1.0
        },
        "tesla": {
          "color": [
            39.0,
            106.0,
            51.0
          ],
          "pose": [
            0.16479290138706396,
            0.0,
            0.0,
            0.9863281906406374,
            31.3,
            106.0,
            0.0
          ],
          "radius": 1.0
        }
      },
      "tick_period": "1.0"
    },
    "restricted_area": {
      "color": [
        255,
        0,
        0
      ],
      "polygons": {
        "poly06825895096539969": {
          "points": [
            [
              42.800000000000004,
              80.60000000000001
            ],
            [
              47.0,
              91.80000000000001
            ],
            [
              41.5,
              94.5
            ],
            [
              36.9,
              82.2
            ]
          ]
        }
      },
      "tick_period": "1.0"
    }
  }
}
