{
  "map": {
    "occupancy": {
      "cell_size": 0.05,
      "filename": "apps/assets/maps/nvidia_pune_190827.png"
    },
    "waypoints": {
      "tick_period": "1.0",
      "vis_cell_size": 0.1,
      "waypoints": {
        "bhageshri": {
          "color": [
            255.0,
            0.0,
            0.0
          ],
          "pose": [
            0.689546673859932,
            0.0,
            0.0,
            0.724241247491956,
            25.150000000000002,
            35.9,
            0.0
          ],
          "radius": 1.0
        },
        "bhairavi": {
          "color": [
            255.0,
            0.0,
            0.0
          ],
          "pose": [
            0.7270634795065664,
            -0.0,
            -0.0,
            -0.6865702416852955,
            39.0,
            28.700000000000003,
            0.0
          ],
          "radius": 1.0
        },
        "dhaivat": {
          "color": [
            255.0,
            0.0,
            0.0
          ],
          "pose": [
            0.0248539255969738,
            -0.0,
            -0.0,
            -0.999691093479591,
            28.5,
            32.550000000000004,
            0.0
          ],
          "radius": 1.0
        },
        "gslab": {
          "color": [
            255.0,
            0.0,
            0.0
          ],
          "pose": [
            0.04501600721371842,
            -0.0,
            -0.0,
            -0.9989862657186707,
            61.550000000000004,
            22.0,
            0.0
          ],
          "radius": 1.0
        },
        "home": {
          "color": [
            255.0,
            0.0,
            0.0
          ],
          "pose": [
            0.7314380635025536,
            -0.0,
            -0.0,
            -0.681907881799026,
            36.300000000000004,
            10.600000000000001,
            0.0
          ],
          "radius": 1.0
        },
        "kitchen": {
          "color": [
            255.0,
            0.0,
            0.0
          ],
          "pose": [
            0.6757053944998404,
            0.0,
            0.0,
            0.7371717709216863,
            24.6,
            7.300000000000001,
            0.0
          ],
          "radius": 1.0
        },
        "kitchen2": {
          "color": [
            255.0,
            0.0,
            0.0
          ],
          "pose": [
            0.679449593831383,
            0.0,
            0.0,
            0.733722188190032,
            65.5,
            10.5,
            0.0
          ],
          "radius": 1.0
        },
        "pancham": {
          "color": [
            255.0,
            0.0,
            0.0
          ],
          "pose": [
            0.008332465433472703,
            -0.0,
            -0.0,
            -0.9999652844073138,
            28.3,
            35.4,
            0.0
          ],
          "radius": 1.0
        },
        "phonebooth1": {
          "color": [
            255.0,
            0.0,
            0.0
          ],
          "pose": [
            0.7187888529438388,
            -0.0,
            -0.0,
            -0.6952284407902777,
            42.0,
            17.1,
            0.0
          ],
          "radius": 1.0
        },
        "phonebooth2": {
          "color": [
            255.0,
            0.0,
            0.0
          ],
          "pose": [
            0.7219815498421043,
            -0.0,
            -0.0,
            -0.6919123078017858,
            41.400000000000006,
            26.700000000000003,
            0.0
          ],
          "radius": 1.0
        },
        "rishab": {
          "color": [
            255.0,
            0.0,
            0.0
          ],
          "pose": [
            0.7277997986357159,
            -0.0,
            -0.0,
            -0.6857896566045681,
            58.300000000000004,
            30.200000000000003,
            0.0
          ],
          "radius": 1.0
        },
        "syseng": {
          "color": [
            255.0,
            0.0,
            0.0
          ],
          "pose": [
            0.9977419922731621,
            0.0,
            0.0,
            0.06716335946616592,
            75.81666717529298,
            39.150000000000006,
            0.0
          ],
          "radius": 1.0
        },
        "tilang": {
          "color": [
            255.0,
            0.0,
            0.0
          ],
          "pose": [
            0.0484072846615587,
            -0.0,
            -0.0,
            -0.9988276802290247,
            62.2,
            16.7,
            0.0
          ],
          "radius": 1.0
        },
        "yaman": {
          "color": [
            255.0,
            0.0,
            0.0
          ],
          "pose": [
            0.017233697316775348,
            -0.0,
            -0.0,
            -0.9998514888106103,
            27.950000000000003,
            43.75,
            0.0
          ],
          "radius": 1.0
        }
      }
    },
    "restricted_area": {
      "color": [
        255,
        0,
        0
      ],
      "polygons": {
        "poly0284891501527218": {
          "points": [
            [
              47.0,
              12.8
            ],
            [
              45.800000000000004,
              12.75
            ],
            [
              45.150000000000006,
              24.5
            ],
            [
              46.300000000000004,
              24.55
            ]
          ]
        },
        "poly11374656365636016": {
          "points": [
            [
              156.62765758877373,
              77.60249589089003
            ],
            [
              154.92764994265414,
              84.20254205280645
            ],
            [
              157.3276607371759,
              83.00253365973073
            ],
            [
              157.3276607371759,
              82.00252666550097
            ],
            [
              156.92765893808894,
              78.00249868858192
            ]
          ]
        },
        "poly276648581055815": {
          "points": [
            [
              94.00237591922101,
              26.20213638748033
            ],
            [
              91.60236512469923,
              26.102135688057356
            ],
            [
              90.10235837812311,
              49.002295855918874
            ],
            [
              92.50236917264489,
              49.20229725476482
            ]
          ]
        },
        "poly6552912065447076": {
          "points": [
            [
              111.22745339240338,
              83.20253505857669
            ],
            [
              114.2274668855556,
              83.80253925511454
            ],
            [
              114.32746733532734,
              84.50254415107537
            ],
            [
              110.82745159331643,
              83.70253855569156
            ]
          ]
        },
        "poly7383772153577735": {
          "points": [
            [
              78.30000000000001,
              38.900000000000006
            ],
            [
              77.60000000000001,
              42.150000000000006
            ],
            [
              78.75,
              41.0
            ],
            [
              78.4,
              39.0
            ]
          ]
        },
        "poly7432303539771052": {
          "points": [
            [
              7.300000000000001,
              33.6
            ],
            [
              7.2,
              35.300000000000004
            ],
            [
              7.95,
              35.1
            ],
            [
              7.4,
              33.75
            ]
          ]
        },